<?xml version="1.0" encoding="UTF-8"?>
<entity-mappings version="3.0" xmlns="https://jakarta.ee/xml/ns/persistence/orm" xmlns:xsi="http://www.w3.org/2001/XMLSchema-instance" xsi:schemaLocation="https://jakarta.ee/xml/ns/persistence/orm https://jakarta.ee/xml/ns/persistence/orm/orm_3_0.xsd">
	<persistence-unit-metadata>
		<persistence-unit-defaults>
			<entity-listeners>
				<entity-listener class="com.jdc.cl.listener.AuditingListener"></entity-listener></entity-listeners></persistence-unit-defaults></persistence-unit-metadata>
</entity-mappings>
